{"train_loss": [1.5543724226760864, 1.1403521240615844, 0.9856136045074463, 0.8795651698493957, 0.8065324599266053, 0.7481488830757141, 0.6989081453895569, 0.6682156973075867, 0.630212949962616, 0.6005105126380921, 0.5749212824249268, 0.548889595041275, 0.5320066487216949, 0.5099688130283355, 0.4873323143577576, 0.4730213062286377, 0.45602519611358644, 0.44248967067718503, 0.4236429593849182, 0.40914707034111025, 0.39818147860527037, 0.3842631114292145, 0.3751375510215759, 0.3566528091812134, 0.3507065142631531, 0.34055102430343626, 0.32804431740760803, 0.31913533633232116, 0.31028486054420473, 0.3026768459892273, 0.29625840760707856, 0.2851920108318329, 0.28115200626373293, 0.2770807799959183, 0.27105919026851655, 0.2680248326873779, 0.2635888471508026, 0.2602756953048706, 0.2568516249752045, 0.25843272686004637], "train_acc": [44.758, 59.514, 65.162, 69.166, 71.808, 73.956, 75.538, 76.62, 78.122, 79.106, 79.954, 80.918, 81.36, 82.122, 82.886, 83.668, 83.902, 84.682, 85.218, 85.758, 86.126, 86.586, 86.816, 87.68, 87.81, 88.154, 88.444, 89.074, 89.344, 89.468, 89.742, 90.242, 90.274, 90.454, 90.644, 90.896, 90.852, 91.046, 91.272, 91.202], "test_acc": [56.28, 64.92, 66.57, 71.05, 74.11, 75.6, 76.09, 78.02, 78.85, 78.39, 79.11, 79.58, 80.33, 81.2, 81.28, 81.18, 82.69, 82.45, 82.39, 82.76, 82.88, 83.61, 83.49, 83.86, 84.28, 84.31, 84.56, 84.54, 84.48, 84.66, 84.85, 84.98, 85.02, 85.25, 85.08, 85.09, 85.51, 85.5, 85.46, 85.5], "epoch_time": [5.827338933944702, 6.401017189025879, 6.127295732498169, 6.1032726764678955, 6.0759313106536865, 6.00444221496582, 5.872138977050781, 6.070759296417236, 6.007063150405884, 5.347859621047974, 6.166623830795288, 5.64972996711731, 6.065183401107788, 6.016847133636475, 5.52678370475769, 5.6463518142700195, 5.5749616622924805, 5.3337438106536865, 5.671004056930542, 5.763183116912842, 5.585594177246094, 6.027824401855469, 5.481486558914185, 5.69145655632019, 6.304975748062134, 6.110323667526245, 6.120337724685669, 5.963976860046387, 6.059812784194946, 5.577915668487549, 5.661940097808838, 6.1452600955963135, 6.093760251998901, 6.0277416706085205, 5.9524455070495605, 5.831734895706177, 6.125566244125366, 6.292447090148926, 6.062476873397827, 5.699477195739746], "best_acc": 85.51, "n_params": 1422218}